LibID,Library,Address,Phone
1,Morgan Braunstein Library,89010 Beilfuss Lane,418-873-2968
2,Rutter Elwin Library,311 Cody Road,719-952-7477
3,Livvyy Gook Library,929 Katie Crossing,205-960-2322
4,Desirae Marrian Library,46 Corscot Drive,816-583-8809
5,Corney Connechy Library,1399 Southridge Place,558-129-5780
6,Fern Fearns Library,4370 Corscot Parkway,687-646-1109
7,Dinah Capaldo Library,47 Transport Hill,825-272-4302
8,Carita Lockner Library,13883 Michigan Way,147-386-6293
9,Tana Horche Library,720 Transport Parkway,719-621-6631
10,Briano Cockin Library,0 Sauthoff Circle,143-875-5703
11,Darsie Easom Library,5 North Avenue,224-127-8412
12,Catha O' Sullivan Library,6523 Waxwing Hill,483-661-0494
13,Luella Emmot Library,659 Myrtle Place,129-637-2757
14,Brit Daborne Library,87 Forest Lane,964-554-5207
15,James Measey Library,31708 Grim Crossing,182-819-2635
16,Codi Willes Library,0 Lunder Plaza,795-329-7784
17,Currey Buncher Library,942 West Trail,805-743-4347
18,Pippa Kunc Library,5 Prairie Rose Point,807-472-5047
19,Dwayne Middle Library,802 Ryan Way,336-717-7468
20,Guthrey Bowerman Library,55 Meadow Ridge Trail,247-406-0006
21,Berti Rippen Library,551 Wayridge Trail,592-193-3173
22,Hoebart Haslin Library,06288 Talisman Court,859-508-0671
23,Jo ann Gleaves Library,2853 Oakridge Drive,704-875-4036
24,Lefty Kelway Library,4202 Lighthouse Bay Place,754-190-2738
25,Quintilla Braunton Library,78 Graceland Park,541-240-6246
26,Yves Fowls Library,897 Sherman Circle,695-908-6163
27,Erminia Luttgert Library,0 Londonderry Point,795-576-6214
28,Prinz Blatcher Library,89 Del Mar Alley,110-763-7177
29,Margette Halt Library,03 Algoma Road,580-122-6014
30,Vilma Spenton Library,86 Lotheville Way,708-111-6752
31,Theadora Frenzel; Library,1260 Buena Vista Junction,391-231-6897
32,Kelcie Labeuil Library,260 Warrior Circle,465-792-7887
33,Chelsea Halbeard Library,326 Service Center,706-584-1606
34,Ulrica Bauer Library,2602 Moland Street,413-405-0536
35,Claiborn Chadwell Library,62213 Garrison Road,796-437-6531
36,Alanah Schoenleiter Library,54 Valley Edge Plaza,359-953-2471
37,Gilbertine Charlson Library,0 Schurz Plaza,533-488-4991
38,Gayelord Boliver Library,4 Golf View Hill,280-951-2968
39,Wyn Ratcliff Library,508 Parkside Drive,258-796-5017
40,Kenneth Makiver Library,76 Rowland Park,383-750-2004
41,Gerladina Joseland Library,19 Hoffman Park,659-807-6728
42,Carin Jopp Library,4286 Dixon Drive,107-845-2822
43,Forrester Baise Library,238 Coleman Center,869-688-9930
44,Henryetta Glascott Library,947 Kings Point,213-882-9150
45,Sib Dunlop Library,15608 Russell Parkway,502-446-1596
46,Melissa Kitteman Library,68 Morningstar Street,995-273-6848
47,Glad Sweynson Library,895 Hazelcrest Hill,390-396-5034
48,Langston Evenden Library,11543 Butterfield Point,233-949-1225
49,Averyl Vogeller Library,43 Center Lane,222-770-9424
50,Clea Penticoot Library,177 Drewry Junction,680-251-5753
51,Pegeen Busain Library,77764 Shelley Road,709-835-0513
52,Ellissa Roth Library,39 Hanover Terrace,630-103-2691
53,Ailene Everington Library,772 Lyons Hill,246-882-8315
54,Kati Ivanchikov Library,532 Banding Lane,911-615-1708
55,Clayton Hannah Library,40565 Monterey Way,460-130-1771
56,Ester Antonacci Library,963 Leroy Crossing,999-498-6944
57,Marybelle Matyashev Library,57187 Eliot Road,583-268-7698
58,Callie Zupo Library,899 Quincy Terrace,833-273-5464
59,Salvidor Tuxill Library,74 Bayside Way,723-514-7706
60,Jay Rapport Library,1 Kim Alley,663-926-6465
61,Maryjo Vanini Library,0 Arapahoe Lane,101-699-4058
62,Jere Turbat Library,2 Loomis Center,201-662-1074
63,Nickola Mixon Library,80939 Buell Drive,813-467-0359
64,Giulio O'Currigan Library,01287 Park Meadow Place,998-787-4839
65,Abner Shann Library,742 Manitowish Terrace,244-531-8906
66,Gasparo MacAlister Library,64731 Bay Park,332-554-3431
67,Eva Milne Library,2 Moose Park,905-984-9087
68,Jacqueline Hodgon Library,2959 Grayhawk Road,408-892-9725
69,Annabel Fike Library,12 Corscot Avenue,215-673-7277
70,Matty Heggie Library,0 Kensington Hill,412-348-9095
71,Baird Bentje Library,58 Hanover Place,808-658-2182
72,Bobine Livett Library,9 Golf Course Avenue,885-408-4413
73,Annie Ottey Library,5 Maple Wood Plaza,896-580-5316
74,Alta Callington Library,4 Sugar Place,831-381-3278
75,Wheeler Mellmoth Library,3 Thackeray Park,793-539-5461
76,Xerxes Sturzaker Library,2699 Southridge Terrace,726-526-4118
77,Dev Tourville Library,9 Vernon Place,221-532-5184
78,Riannon Silmon Library,90165 Coleman Junction,510-580-7399
79,Fanni Elder Library,30491 Westerfield Parkway,499-177-1778
80,Maxi Negro Library,12 Corben Junction,258-436-2597
81,Waldo Healing Library,633 Troy Terrace,962-268-7631
82,Kelvin Hradsky Library,26938 East Drive,651-667-4381
83,Bradley Dundon Library,8306 Moulton Parkway,112-911-4898
84,Gottfried Berthelet Library,079 Warner Circle,559-447-2254
85,Jan Roscrigg Library,225 Vernon Alley,959-531-9528
86,Gabbi Clogg Library,2463 Heath Place,469-629-6034
87,Esme Halfacree Library,3980 Marquette Terrace,807-126-5225
88,Carroll Quiddihy Library,36 Ronald Regan Hill,388-947-2710
89,Beltran Dinesen Library,8421 Ryan Avenue,450-728-5079
90,Garrot Fewster Library,08415 Carberry Park,566-425-2804
91,Leticia Bilbrooke Library,39 Melody Trail,241-404-4415
92,Grantham Crowne Library,5 Utah Street,379-900-9889
93,Fitzgerald Sturr Library,965 Farmco Trail,571-150-0251
94,Dael Merrydew Library,07923 Towne Place,373-303-5376
95,Simone Purdom Library,66710 Sachs Crossing,176-315-5225
96,Shannan Dingwall Library,679 La Follette Alley,388-159-7428
97,Sully Loidl Library,71640 Nelson Way,938-733-4312
98,Eden Loveridge Library,8 Schmedeman Avenue,121-449-8536
99,Karlee Fiddy Library,46 Alpine Plaza,122-735-3908
100,Staffard Birts Library,0 Nancy Crossing,999-397-6472
101,Waldo Pougher Library,883 Reinke Terrace,961-185-0183
102,Ferguson Clowney Library,986 Schmedeman Park,712-680-7220
103,Kay Buglar Library,542 Mayer Alley,685-985-4265
104,Lyndel Amiss Library,672 Hanson Terrace,319-122-0947
105,Freddy Kantor Library,03392 Mallory Junction,648-774-0418
106,Ray Woodfine Library,771 Granby Road,387-939-9088
107,Florida Guyers Library,08 International Parkway,847-779-9726
108,Jeramey Fibbings Library,630 Marquette Avenue,860-129-6451
109,Ardelle Lowis Library,12149 Westerfield Terrace,480-948-4929
110,Giorgio Arderne Library,62274 Delladonna Crossing,668-622-9176
111,Agnese Clementson Library,36931 Dorton Plaza,866-790-1680
112,Jess Tofpik Library,854 Manley Lane,477-609-9953
113,Hashim Fitchett Library,8 Main Alley,706-332-2121
114,Kristan Ahrendsen Library,41 Macpherson Avenue,947-408-8469
115,Kaitlin Crickmer Library,56 Farwell Lane,868-458-0389
116,Donaugh Shawe Library,51 Dawn Junction,971-209-0374
117,Pepito Gladebeck Library,4 Haas Trail,294-405-9171
118,Daryl Dicte Library,16 Main Center,252-598-3324
119,Eveleen Wozencroft Library,20 Westerfield Road,234-241-6818
120,Felicle Bramsen Library,21247 Luster Court,881-108-8273
121,Husain Jewks Library,3 Helena Place,103-271-7898
122,Pietra Gosford Library,755 Sundown Lane,712-247-6381
123,Hadria Miebes Library,16038 Heath Road,243-619-0856
124,Kelcie Ovesen Library,03978 Reindahl Drive,239-940-7241
125,Owen Manske Library,116 Coleman Place,414-660-6118
126,Savina Tweedlie Library,0 Shelley Road,124-758-4257
127,Paten Castagne Library,16 Oneill Hill,307-739-0071
128,Malissia Okeshott Library,2 Knutson Trail,109-883-1965
129,Kenn Brunicke Library,9 Valley Edge Park,453-705-3078
130,Ryon Karpinski Library,4283 Rigney Crossing,720-864-7475
131,Rosetta Dabbs Library,5707 Duke Place,843-918-7935
132,Nara Hathaway Library,511 Oriole Alley,923-900-9532
133,Wilfrid Critoph Library,835 Harbort Way,874-114-7897
134,Amalea Berrick Library,18284 Blue Bill Park Hill,629-950-0005
135,Casie MacCleod Library,65 Sachtjen Pass,183-332-2536
136,Barrett Fuzzey Library,68700 Dixon Junction,426-862-6208
137,Henrik Kunz Library,71 Arizona Crossing,318-416-8560
138,Baxie Andrewartha Library,056 Katie Court,256-285-4237
139,Rudie Anear Library,19 Schiller Parkway,149-708-1626
140,Abbott Wakeley Library,8 Jenna Trail,884-372-0332
141,Lucas Tynan Library,53 Service Terrace,687-354-5844
142,Gennifer MacGuffog Library,095 Carioca Lane,582-200-1092
143,Terri Russilll Library,0305 Buena Vista Center,396-262-5686
144,Kory Fessier Library,15 Sheridan Pass,145-159-4440
145,Job Goracci Library,804 Alpine Plaza,244-354-1371
146,Cherie Hurne Library,221 Scoville Junction,352-891-1906
147,Gerald Chiplin Library,5993 Shasta Court,727-131-8751
148,Justen Faltin Library,11873 Crest Line Drive,711-850-3660
149,Augustin Bannerman Library,5231 Arkansas Road,595-299-0806
150,Sinclair Jurisch Library,84019 Eliot Hill,183-457-1353
151,Shaw Nappin Library,1 Michigan Hill,120-748-6621
152,Barbaraanne Mecozzi Library,800 Warbler Point,982-234-4911
153,Ruben Huddy Library,38 Loftsgordon Drive,507-787-9524
154,Clem Fritschmann Library,8450 Old Gate Lane,729-213-3297
155,Angus Vennings Library,0 Daystar Way,849-298-6845
156,Yehudi Middleweek Library,73 Spaight Pass,271-866-1197
157,Garwin Robbey Library,6536 Di Loreto Park,900-766-2307
158,Rem Siddell Library,514 Comanche Circle,767-332-8503
159,Sargent Oldman Library,9827 Caliangt Hill,285-947-0208
160,Derril Ragbourn Library,23899 Welch Park,813-273-4152
161,Tobey Doick Library,4913 Northwestern Court,153-995-9236
162,Natala Futty Library,2587 Brickson Park Parkway,833-910-3195
163,Benson Minchinton Library,45362 Colorado Road,237-384-5964
164,Marijn Annwyl Library,1608 Erie Plaza,555-335-1053
165,Linus Udy Library,42 Hoard Lane,781-567-1094
166,Gavan Vurley Library,74 Westport Circle,509-243-1874
167,Daphne Barrim Library,95 Oneill Court,797-842-1302
168,Laurel Paulat Library,8848 Park Meadow Hill,544-461-1418
169,Skippy Skells Library,13 Lien Circle,377-604-4595
170,Lissa Eblein Library,447 Elgar Way,180-745-6226
171,Clarke Mandry Library,6 Judy Terrace,819-840-4761
172,Ruperta Sanger Library,552 Fordem Road,820-969-4630
173,Vic Hitschke Library,98606 Twin Pines Parkway,708-858-7647
174,Humphrey Collaton Library,49001 Steensland Alley,903-659-9930
175,Edan Yetman Library,287 Meadow Ridge Way,608-185-3198
176,Nevsa Taggerty Library,04523 Independence Center,287-118-2303
177,Tawnya Lambrecht Library,61 Golf View Point,730-224-9912
178,Margalo Behning Library,555 Norway Maple Crossing,999-412-0855
179,Englebert Kasperski Library,97 Waxwing Parkway,839-193-8418
180,Arley Garret Library,53 Jay Junction,457-646-4321
181,Haily Martinetto Library,05249 Meadow Valley Way,121-470-0914
182,Clayson Killshaw Library,269 Kinsman Pass,846-230-6292
183,Binnie Tick Library,282 Esch Hill,373-584-0520
184,Cornell Nathan Library,8127 Buhler Street,718-477-2657
185,Humfried Oleszcuk Library,52 Cottonwood Avenue,245-993-3135
186,Olag Lovegrove Library,7044 Butterfield Avenue,658-895-2792
187,Armand Pechan Library,921 American Ash Center,919-280-9912
188,Niko Bamlet Library,56225 Huxley Drive,722-208-9380
189,Avis Spittal Library,81 Banding Terrace,786-937-4714
190,Brenna Hoovart Library,266 Anniversary Trail,556-185-3409
191,Alisun Jessett Library,237 Esker Pass,131-476-7233
192,Lyndsay Fulop Library,0751 Glacier Hill Parkway,838-468-6492
193,Zechariah Jahn Library,93586 Macpherson Lane,331-717-7049
194,Fina Oiseau Library,98 Onsgard Parkway,533-647-0947
195,Amalee Bewshire Library,3923 Blue Bill Park Point,246-720-1828
196,Hamlin Fust Library,74470 Norway Maple Avenue,533-278-2756
197,Laina Ovendon Library,36146 Pankratz Point,455-875-5713
198,Tommy Gibby Library,456 Havey Road,424-153-0612
199,Kiley Magnus Library,4358 Ruskin Alley,572-141-5915
200,Gil Chaffer Library,933 Larry Trail,437-917-3433
201,Dorine Tuttle Library,1185 Annamark Avenue,196-345-5273
202,Lorilyn Bampton Library,95084 Manitowish Crossing,350-180-9814
203,Nanine Tabour Library,8 Hanson Road,208-136-1265
204,Karyn Kramer Library,9366 Norway Maple Place,936-362-3123
205,Jecho Case Library,7 Corry Plaza,534-331-6527
206,Dilan Narramor Library,584 Village Green Street,367-583-9829
207,Dwight Fenton Library,5 Kingsford Place,313-231-6807
208,Coop Esposito Library,14556 Superior Point,333-738-8240
209,Lee Cantera Library,8 Clemons Hill,269-155-5053
210,Raimund Ellesmere Library,917 Moland Terrace,468-354-1205
211,Roger Czadla Library,6 Roth Park,231-242-2628
212,Herculie Gyngell Library,609 Memorial Parkway,323-736-4808
213,Addie Derks Library,0215 Merchant Terrace,220-398-4311
214,Tate Slixby Library,33553 Mallard Point,857-400-4805
215,Kelly Shepherdson Library,40353 Crowley Terrace,626-598-8673
216,Sashenka Webb Library,8054 Northland Hill,732-240-6759
217,Gwenneth Lavelle Library,35692 Menomonie Crossing,738-385-7586
218,Blinni Gladman Library,992 Dryden Plaza,299-546-5056
219,Helene Lober Library,2378 Dryden Drive,444-540-5271
220,Dillon Bostick Library,54873 Maywood Center,102-218-7417
221,Judas Simcox Library,22 8th Park,102-339-7690
222,Georgie Caddell Library,1762 Oakridge Terrace,937-382-9860
223,Kiley Kivlin Library,33587 Northview Trail,272-421-0750
224,Aurora Cromarty Library,400 Summit Avenue,966-925-7069
225,Alissa Dewdney Library,774 Morning Pass,312-562-8656
226,Eolanda Aldwich Library,91 Fulton Point,836-293-1813
227,Michaela Pennycuick Library,187 Katie Alley,512-603-8426
228,Harriett Gilliam Library,9 Mcbride Hill,422-402-6252
229,Daisie Sigars Library,595 Fieldstone Lane,558-905-5416
230,Shauna Tubritt Library,23 Melby Street,466-693-6870
231,Helen-elizabeth Catcheside Library,850 Welch Place,509-163-3411
232,Bevvy Kemitt Library,535 Evergreen Park,542-836-7504
233,Serene Forsdyke Library,649 Porter Center,140-556-7349
234,Allyce Sayers Library,2669 American Road,697-366-8676
235,Simeon Parradine Library,28112 Macpherson Circle,118-992-6962
236,Goraud Shortt Library,1 Dottie Crossing,840-632-7517
237,Ertha Francello Library,3 Menomonie Center,739-312-5976
238,Delmore Shead Library,2132 Dennis Court,848-367-4552
239,Phaedra Burdess Library,82925 Florence Junction,872-289-2483
240,Augy Brumby Library,263 Truax Way,517-517-0345
241,Erika Pendlenton Library,6795 Riverside Way,601-684-4875
242,Alison Dudek Library,79638 Stoughton Trail,377-666-7184
243,Brendin Jancar Library,201 Merrick Point,619-522-5132
244,Pearl De Carteret Library,314 Towne Avenue,282-136-5750
245,Harrison Heritege Library,0 Sheridan Trail,374-323-1901
246,Rob Russ Library,81357 Canary Street,229-117-9498
247,Vivianna Quarles Library,13 Texas Avenue,851-747-0894
248,Truman MacSweeney Library,57445 Artisan Junction,465-538-2836
249,Temp Glasner Library,0 Lien Street,129-109-9758
250,Marven Gheeorghie Library,822 Mesta Junction,121-741-2077
251,Marquita Dundin Library,5 Randy Drive,848-268-4640
252,Calv Rubinfeld Library,517 Burning Wood Road,752-397-1953
253,Kory Worlidge Library,1656 Mccormick Place,340-659-3312
254,Arda Runnett Library,188 Dryden Road,978-780-2090
255,Lion Swalowe Library,6 Hayes Point,301-150-5601
256,Millard Laverick Library,46692 Darwin Place,670-401-7039
257,Karlotta Ellam Library,5 Bowman Trail,854-562-1557
258,Hamid Rennie Library,3 East Parkway,130-720-5051
259,Ricca Morecombe Library,1050 Menomonie Crossing,839-334-1082
260,Tricia Jiroutek Library,03 Larry Drive,976-224-7220
261,Arri Scammonden Library,03 8th Hill,959-775-6662
262,Kirbee Frazer Library,7465 Golf View Junction,296-281-1002
263,Esther Kellick Library,579 Schurz Center,190-497-0069
264,Jill Meriet Library,168 Logan Street,251-310-0009
265,Alair Dudmarsh Library,393 1st Lane,230-299-9798
266,Ely Capehorn Library,797 Meadow Vale Point,658-567-0989
267,Flo Summerscales Library,79026 Schiller Court,310-765-3414
268,Imelda Zeplin Library,1 Loomis Way,744-974-5820
269,Julienne Lavies Library,3103 Dakota Trail,303-115-1689
270,Petey Bloomfield Library,2476 Bartelt Alley,166-871-3981
271,Meryl Boice Library,36020 Debra Pass,937-448-9554
272,Dania Samarth Library,5 Butterfield Park,396-789-3124
273,Rand Petrovsky Library,968 Kenwood Hill,839-571-3525
274,Elbert Abrahamoff Library,1882 Moose Circle,356-974-9147
275,Hagen Hehir Library,3554 Eliot Circle,808-775-5382
276,Ofilia Kinloch Library,46147 Monterey Plaza,501-214-2605
277,Aggy Macbane Library,25531 Mcguire Court,452-784-4622
278,Avigdor Cahani Library,256 Dayton Pass,171-500-3334
279,Bartholomew Goodban Library,7 Ridgeview Trail,397-499-6910
280,Buiron Tewes Library,11510 Delaware Terrace,656-280-4107
281,Artie Mary Library,933 Katie Point,959-707-1103
282,Gussi Darrow Library,336 Red Cloud Hill,649-420-1002
283,Rubina Cowp Library,2 Kenwood Pass,799-910-9803
284,Ysabel Tilford Library,3 Tony Junction,139-915-9672
285,Malinde Fourman Library,0 Lukken Point,690-196-8958
286,Netta Pharaoh Library,43522 Dapin Lane,786-888-7570
287,Westbrooke Robottham Library,60 Erie Drive,103-471-2392
288,Ealasaid Shillinglaw Library,4 High Crossing Crossing,363-589-1048
289,Jamie Faire Library,27334 Dorton Park,652-342-5174
290,Cullin Saffle Library,9 Ronald Regan Terrace,281-733-3035
291,Sibley Stanney Library,4020 Canary Center,746-232-5437
292,Onfre Van der Krui Library,6 American Place,389-170-8836
293,Benjy Deboo Library,693 Johnson Point,916-786-1471
294,Maurizia McGrouther Library,89 Randy Terrace,538-172-1720
295,Nancee Mackinder Library,99 Texas Hill,803-302-6398
296,Sebastien Fyfield Library,51 Glendale Drive,605-513-7788
297,Virginia Ickovicz Library,4532 Melby Hill,398-695-7256
298,Estrellita Reaveley Library,6632 Leroy Trail,548-631-3130
299,Arthur Noice Library,5 Kim Circle,555-712-7704
300,Prent Gaskamp Library,75 Buena Vista Park,392-494-4706
301,Vernor Grieve Library,97950 Randy Court,491-312-4783
302,Jo Oxtarby Library,750 Knutson Lane,813-878-0125
303,Lionello Cleverly Library,0663 Lindbergh Street,838-511-7420
304,Gretta Saines Library,52 Lien Street,680-316-0340
305,Jannelle Ordelt Library,908 Talmadge Way,451-437-6461
306,Broddy Clac Library,0 Larry Plaza,247-258-1945
307,Joelly Wentworth Library,3 Fulton Pass,484-654-3867
308,Herc Robardley Library,70801 Dexter Junction,187-220-3559
309,Mada Upson Library,9109 Cascade Way,863-635-2553
310,Diane Merrin Library,328 Dayton Crossing,896-550-1384
311,Taylor Noyce Library,92 Northview Street,725-721-3032
312,Dylan Clayfield Library,454 Lighthouse Bay Crossing,749-794-9961
313,Meggy Dawber Library,37817 Transport Junction,447-705-8330
314,Daryn Larver Library,04 Paget Trail,890-331-9835
315,Trumann Dowdeswell Library,618 Roth Terrace,142-921-0094
316,Locke Leidl Library,08 Cordelia Junction,474-442-5993
317,Tawsha Nast Library,1 Mcbride Pass,791-883-1612
318,Reinhard Rouff Library,25 Burrows Circle,145-540-5741
319,Rudy Cammiemile Library,99 Village Crossing,289-233-6466
320,Daffy Cornehl Library,45 Miller Street,135-394-9926
321,Gonzalo Whetson Library,0 American Ash Drive,648-348-7727
322,Geralda McKinnell Library,9 Elka Circle,809-668-1279
323,Sandra Dunning Library,364 Mifflin Court,774-669-9224
324,Ramsey Brabender Library,6009 Mifflin Plaza,387-216-8099
325,Philis Eberts Library,6261 Nancy Avenue,852-900-7636
326,Trista Creasey Library,371 Fremont Street,804-371-6379
327,Johann Greenroa Library,4507 Pond Place,186-250-0481
328,Stern Yewman Library,79296 Dayton Park,516-232-3845
329,Worth Reeveley Library,6477 Porter Terrace,461-862-8875
330,Archambault Reason Library,7123 Larry Plaza,246-849-9494
331,Aurel Bould Library,2539 Donald Hill,405-376-0479
332,Rois Greensite Library,81735 Golf View Avenue,702-861-5826
333,Elston Granleese Library,1447 Quincy Place,379-714-7423
334,Mariquilla Chessun Library,10122 Artisan Parkway,246-357-6096
335,Ashil Storror Library,6893 Bayside Alley,973-516-5479
336,Dina Fenech Library,147 Prairieview Center,444-865-3554
337,Nettle Beltzner Library,3 Amoth Road,840-515-3942
338,Iver Pickerill Library,90 Myrtle Park,175-743-5495
339,Ludvig Munday Library,1646 Mallard Street,289-638-8599
340,Kirsti Callaway Library,24589 Judy Alley,369-597-0044
341,Gabriello Lalevee Library,42 Bonner Place,956-571-8886
342,Myrlene Imbrey Library,14537 Manitowish Crossing,285-212-5172
343,Alexio Mattingley Library,25656 Muir Alley,345-469-9125
344,Georg Janks Library,5119 Bobwhite Hill,249-408-2015
345,Melania Waywell Library,961 Walton Pass,140-898-5485
346,Kendricks Serjeantson Library,8992 Ilene Circle,210-208-9760
347,Joscelin Ritter Library,79 Forest Run Lane,358-601-5550
348,Adriano Maccraw Library,49 Chive Avenue,683-304-4030
349,Godfrey Banbridge Library,3 Kropf Plaza,581-307-6881
350,Halimeda Nouch Library,3 Gerald Alley,722-652-6748
351,Orsola Dymott Library,8 Vera Crossing,679-426-8680
352,Judah Torbet Library,7 Lakewood Gardens Park,627-587-5001
353,Florina Duro Library,9 Badeau Road,179-933-8972
354,Barnard Willowby Library,8850 Derek Way,555-168-8456
355,Phaedra Meugens Library,4 Reinke Avenue,876-559-9570
356,Libbie Iggalden Library,24 Melvin Way,906-897-5478
357,Maggee Dunnaway Library,588 Esker Alley,233-426-8941
358,Amelie Dows Library,9 Hovde Street,747-334-3435
359,Anabelle Shemmin Library,52 Huxley Circle,750-146-8283
360,Alisa Baser Library,75 Anniversary Plaza,890-165-9901
361,Reiko Bjorkan Library,31 Roth Junction,970-907-1652
362,Desiree McCullogh Library,88305 Bluejay Avenue,548-846-3571
363,Prudi Tippler Library,05077 Fulton Center,562-966-2823
364,Emmalee Junkison Library,974 Park Meadow Road,923-268-2893
365,Zechariah Hellwing Library,0 Harper Circle,502-306-7654
366,Jedd Reye Library,0907 Schiller Street,781-121-0170
367,Winona Gate Library,561 Sunnyside Way,778-235-7249
368,Clarisse Kliche Library,8 Kinsman Junction,591-312-7066
369,Jess Piken Library,709 Vernon Lane,923-128-7110
370,Xavier Mylechreest Library,8100 Sauthoff Lane,691-356-9060
371,Dalston Smorthit Library,9571 Hanover Way,341-167-0263
372,Luce Ianne Library,83511 Namekagon Drive,342-525-5881
373,Madeleine Anger Library,00 Charing Cross Parkway,541-645-6218
374,Tedd Chorley Library,6 Portage Junction,827-698-8588
375,Latashia Burchatt Library,5299 Summit Way,820-922-2723
376,Glenda Collar Library,58 Village Green Alley,345-885-0010
377,Eveline Garrison Library,6 Mallard Crossing,331-401-6513
378,Danna Rubinov Library,28 Union Court,970-999-2712
379,Vasilis Janata Library,6 Forest Dale Hill,632-273-3037
380,Bree Enga Library,2974 Sutteridge Center,565-893-5362
381,Ollie Celand Library,87738 Lawn Alley,786-756-0146
382,Fiona Fonso Library,64738 Sunfield Drive,956-361-5191
383,Selie Elsy Library,302 Continental Circle,816-464-7168
384,Henrie Brayshaw Library,83309 Norway Maple Center,758-376-5983
385,Zenia Stracey Library,1 Melody Street,364-874-2410
386,Sarette Hovard Library,763 Garrison Crossing,539-339-2766
387,Leona Leeder Library,6722 Daystar Way,299-567-6195
388,L;urette Dunston Library,2 Rusk Hill,980-878-3656
389,Ludvig Scotchbourouge Library,0 Pleasure Hill,970-189-0512
390,Babette Hannis Library,387 Algoma Way,760-585-4441
391,Dru Langeren Library,9 Schiller Road,972-193-8566
392,Annaliese Mertin Library,9 Thierer Court,573-376-5303
393,Wolfgang Hanny Library,388 Holy Cross Avenue,313-373-9952
394,Angus Janson Library,367 Lotheville Drive,708-198-5146
395,Davy Begley Library,322 Algoma Lane,218-979-2576
396,Benjy Challes Library,3 Ramsey Circle,479-174-6501
397,Martelle Rothman Library,67287 Eagle Crest Road,126-360-1130
398,Theo Dwire Library,6 Amoth Avenue,777-195-6007
399,Leelah Boggas Library,6 Hoffman Road,760-374-9549
400,Cody Kinavan Library,02 Maryland Circle,471-955-4832
401,Tiebout Redihough Library,4551 Continental Terrace,285-737-0139
402,Tanner Maber Library,8 Bartelt Avenue,706-692-1252
403,Elana Turford Library,4048 Thompson Hill,990-950-5926
404,Steffen Teissier Library,030 Schiller Parkway,321-142-2114
405,Kyrstin Laxston Library,8595 3rd Way,264-573-8712
406,Keefe Dregan Library,987 Truax Way,763-261-0544
407,Jaymee Pietesch Library,17444 Burrows Place,103-940-5897
408,Letizia Rogeron Library,232 Huxley Center,986-774-4504
409,Raul Crowth Library,2411 Independence Court,819-557-8608
410,Marten Ruzicka Library,26 Eastwood Park,564-922-3787
411,Alastair Sibbet Library,31571 Huxley Trail,419-162-2018
412,Jeremie Brandom Library,40245 Lien Place,578-189-6908
413,Malinda Mozzini Library,4757 Hallows Avenue,319-120-8558
414,Charil Devenport Library,6 Gateway Circle,466-512-8590
415,Corrina Goddman Library,2 Fairview Terrace,208-668-6632
416,Purcell Boote Library,4 Homewood Trail,716-612-3164
417,Xerxes Antosch Library,19464 Carioca Point,362-641-3145
418,Winny Dinnage Library,5950 Schlimgen Lane,350-411-0825
419,Dame Morilla Library,7930 Fallview Terrace,451-620-9787
420,Devondra Jira Library,86 Barnett Circle,114-141-5566
421,La verne Elflain Library,0652 Green Point,543-836-0554
422,Clementius Yesichev Library,28862 Gale Park,112-339-3260
423,Barbara Castanos Library,00961 Forster Drive,368-751-4762
424,Roderigo Leakner Library,7354 Weeping Birch Alley,838-352-5372
425,Nike Clemonts Library,3358 Fuller Drive,204-963-1504
426,Martainn Auger Library,2917 Mosinee Parkway,273-293-6604
427,Renae Minall Library,9343 Merchant Parkway,490-266-3413
428,Elton Crose Library,188 International Trail,599-296-1771
429,Phil Kop Library,3252 Donald Avenue,984-636-3299
430,Demetra Brosel Library,04 Kingsford Lane,425-146-0410
431,Marcile Ruberti Library,79369 Rieder Crossing,347-173-6521
432,Kimberlyn Bittlestone Library,40897 Kensington Street,746-307-8395
433,Trudie Garton Library,01221 Lighthouse Bay Plaza,704-370-7039
434,Julita Wringe Library,39 Miller Trail,496-563-1429
435,Gaven Seller Library,4 Bultman Center,549-972-9569
436,Linnea Shaxby Library,674 Loeprich Road,745-142-4342
437,Cole Jansie Library,57085 Pennsylvania Street,882-357-9211
438,Ebonee Sturdy Library,7042 Prairieview Lane,957-957-5404
439,Tobey Leades Library,170 Forest Run Drive,664-492-5878
440,Cristian Reddings Library,673 Maryland Junction,542-717-9428
441,Aldus Mouncher Library,471 Holy Cross Avenue,516-611-7348
442,Miquela Cuttin Library,45 Pawling Circle,620-903-1611
443,Klara Binne Library,53759 Evergreen Hill,350-269-9636
444,Diana Eisenberg Library,548 Goodland Road,965-964-4232
445,Layne Pietrowski Library,3 Declaration Street,952-395-8106
446,Therese Huxham Library,26 Russell Road,481-224-1020
447,Oneida Ardley Library,7513 Melody Park,458-933-2947
448,Mercy Willisch Library,312 Atwood Court,254-143-0531
449,Giordano Scartifield Library,24872 Randy Center,395-822-7751
450,Willis Gisburne Library,3377 Canary Point,595-828-1524
451,Wendi Humby Library,3 Mallory Pass,608-105-2939
452,Dorotea Jost Library,529 Chinook Pass,609-764-4694
453,Torrance Kirmond Library,823 Canary Alley,818-289-6185
454,Silas Ostler Library,8 Lakewood Hill,235-395-1267
455,Alfonse Healings Library,34 Golf Course Center,281-786-6587
456,Booth Dodsley Library,08111 Toban Terrace,880-305-1272
457,Jason Mottram Library,60 Elka Road,537-744-2718
458,Filippa Bencher Library,06192 Garrison Pass,431-197-2515
459,Faustina Gilliland Library,170 Clemons Circle,795-808-9596
460,Hermy Pickthall Library,2237 Gale Trail,765-469-9915
461,Verna Dyson Library,432 Dryden Place,175-819-4856
462,Aubry MacCrann Library,1 Grayhawk Alley,555-230-8537
463,Broddy Hefferon Library,0649 Hermina Place,842-401-5687
464,Judye Leming Library,857 Mcbride Street,313-573-7853
465,Justen Fishbourn Library,14 Leroy Circle,223-857-6803
466,Brooke Franzolini Library,85 Lien Lane,140-234-9610
467,Gilbert Screas Library,14 Village Hill,604-192-4823
468,Ham Traite Library,40493 Mitchell Junction,447-850-2578
469,Virgil Buessen Library,6 Havey Trail,282-446-9594
470,Dyan St. Quentin Library,68471 Kipling Street,428-964-9418
471,Carolee Dishmon Library,0 8th Terrace,659-410-5255
472,Sharleen Hallet Library,2 Judy Alley,637-319-2442
473,Vin Jervis Library,84221 Barby Junction,129-402-2715
474,Granthem Blackwood Library,426 Fulton Trail,343-203-2354
475,Reider Pflieger Library,9448 Springview Junction,156-204-4219
476,Carmine Glennon Library,00 Russell Terrace,571-710-5086
477,Phil Kyteley Library,561 Grover Avenue,785-205-7719
478,Mathias Muckle Library,14937 Quincy Court,623-198-1761
479,Phedra Jermey Library,75 Gateway Court,518-109-1674
480,Orrin Rafe Library,125 Linden Terrace,311-669-4794
481,Latrina Lazonby Library,25822 Continental Trail,953-576-6410
482,Odelia Klimus Library,7709 Warrior Street,279-285-0087
483,Kayla Harbron Library,9 Eagan Alley,807-751-2374
484,Marlie Iacobo Library,958 Rutledge Junction,958-846-2646
485,Nedi Finneran Library,3 Meadow Valley Alley,717-587-2640
486,Danny Ghelarducci Library,5 Schlimgen Circle,830-421-1029
487,Karena Urlich Library,67993 Moland Street,847-897-8113
488,Annemarie Roy Library,41451 Dapin Crossing,273-389-8244
489,Che Miliffe Library,192 Loeprich Alley,145-372-4686
490,Gennie Desborough Library,142 Harper Place,535-676-7611
491,Kati Brigham Library,5 Melby Place,471-377-7314
492,Morton Spiaggia Library,7104 Porter Drive,422-507-5587
493,Christian Friatt Library,0 Fieldstone Point,743-653-9772
494,Bear Mariotte Library,2353 Paget Hill,738-716-8593
495,Noland Kennermann Library,68 Warrior Pass,407-101-7839
496,Boyce Harbor Library,9402 Blue Bill Park Drive,526-793-6567
497,Janot Colhoun Library,2 Esker Pass,859-717-7739
498,Corabella Nilges Library,5851 Almo Point,525-819-9091
499,Kristo Hopfner Library,110 Novick Point,180-184-5746
500,Minne Jendrassik Library,8 Montana Point,580-532-4097
501,Mose Zavittieri Library,8 Lotheville Street,423-686-2976
502,Lucilia MacClure Library,852 Meadow Vale Center,815-807-7823
503,Di Tankin Library,78472 Everett Circle,196-573-3539
504,Augie Furley Library,12650 Dexter Lane,343-148-0528
505,Delora Thake Library,895 Dunning Avenue,410-268-3863
506,Chris Moncur Library,69337 Mariners Cove Road,886-933-9897
507,Arnie Northwood Library,41745 Mcbride Pass,602-277-0908
508,Koralle Coleford Library,792 American Ash Terrace,216-756-2338
509,Dominik Battista Library,6 Becker Park,536-749-0832
510,Van Eltringham Library,3275 Boyd Hill,615-730-4750
511,Maryrose Haggis Library,0426 Shasta Drive,122-356-5229
512,Phip Derges Library,92116 Sachs Hill,276-551-5597
513,Merrili Micheau Library,23 Kenwood Place,287-392-2208
514,Gearard Douris Library,0274 Erie Park,672-245-6841
515,Tomas Di Giacomettino Library,6118 Caliangt Avenue,430-519-8849
516,Bernette Cheel Library,9 Westport Lane,440-361-8365
517,Jonah Hobbert Library,306 Londonderry Lane,568-662-6853
518,Andrea Wimpeney Library,2 School Plaza,691-434-6797
519,Maurizio Bowler Library,380 Randy Trail,462-196-2984
520,Tricia Mossom Library,3964 Oak Way,981-947-9388
521,Jolynn Dyball Library,149 Mockingbird Crossing,462-549-8302
522,Raynor Arrighi Library,5786 Maple Wood Crossing,987-928-5262
523,Sancho Kew Library,36471 Rockefeller Pass,959-222-7576
524,Talbert Tapley Library,37077 Porter Crossing,469-740-7142
525,Tamarra Phythean Library,72 Loeprich Way,792-372-6371
526,Zenia Bachura Library,60 Talisman Street,825-487-0567
527,Erastus Mughal Library,207 Moose Street,421-951-2586
528,Sigismund Corradengo Library,7 School Park,985-114-2585
529,Ginny Eberts Library,5623 Truax Plaza,601-498-3931
530,Gillie Newell Library,261 Carpenter Road,857-602-3671
531,Hakim Caroline Library,591 Chive Crossing,531-609-8050
532,Cherise Levet Library,6929 Parkside Circle,897-742-6979
533,Ellerey Lints Library,5524 Mifflin Way,262-298-9166
534,Phineas Pigram Library,9878 Tennyson Crossing,589-100-0367
535,Goldie Endle Library,0 Waubesa Point,198-273-0783
536,Estell Heatly Library,02 John Wall Place,296-254-9293
537,Antons Cousins Library,474 Commercial Pass,574-107-0097
538,Lemmie Josephi Library,5 Hanover Plaza,324-496-2082
539,Alexis Hawkings Library,1 Spaight Hill,486-810-6183
540,Edouard Baytrop Library,3 Grayhawk Circle,984-346-9152
541,Suzie Cockaday Library,5865 Esch Circle,899-808-4092
542,Kellina Andreopolos Library,804 Eliot Avenue,411-359-7945
543,Koo Seymour Library,7 Sutherland Center,456-837-1537
544,Kerk Warcup Library,31241 Trailsway Park,517-197-1289
545,Pierette Eastwood Library,70 Lakeland Court,186-583-9088
546,Ibrahim Saffen Library,80559 Lerdahl Place,911-474-8300
547,Nickie Cumes Library,2649 Menomonie Court,971-877-3416
548,Donaugh Calterone Library,95 Hanover Pass,833-825-9813
549,Vinnie Swiffen Library,395 Katie Court,599-751-6300
550,Rafaelia Bellon Library,82 Northfield Lane,965-402-3211
551,Marena Portal Library,328 Vera Plaza,622-397-7781
552,Leonardo Blamires Library,248 Hovde Street,359-249-9263
553,Shayne Luty Library,23313 Hauk Park,962-930-3218
554,Jesselyn Domesday Library,6638 4th Trail,524-810-1350
555,Gerda Cassely Library,9 Moland Circle,484-650-4754
556,Persis Deverick Library,5 Katie Junction,148-307-4711
557,Dinah Silmon Library,39345 Hagan Way,598-789-4469
558,Shanan Eyers Library,1 Birchwood Court,453-426-2368
559,Herman Ventum Library,55829 Twin Pines Way,581-283-2089
560,Ray Chapelhow Library,89691 Scofield Junction,592-664-8283
561,Rosalinde Longmore Library,15 Butternut Park,492-511-6761
562,Silva Challicum Library,414 Dakota Circle,615-258-7082
563,Shantee Fossitt Library,35497 Sundown Place,369-463-9370
564,Crissie Coathup Library,46376 Maywood Park,640-743-3362
565,Idaline Lambie Library,3239 Granby Point,255-214-4751
566,Celinda Caps Library,39 Arizona Alley,117-451-8390
567,Arabela Bleasby Library,8904 South Pass,475-693-2746
568,Kimberley Oakey Library,2 2nd Crossing,232-878-4625
569,Clarance Blaxlande Library,80218 Springview Drive,811-188-5605
570,Barn Edmonstone Library,5716 Laurel Court,832-223-9637
571,Yelena Baseke Library,2 Meadow Vale Point,534-839-6560
572,Karine Hirsthouse Library,12175 Forest Dale Court,444-996-0641
573,Ede Duprey Library,8 Sheridan Way,481-256-0575
574,Catha Berg Library,42 Ronald Regan Place,490-602-8205
575,Flora Hardistry Library,606 Loftsgordon Road,404-319-2051
576,Ruthi Routham Library,2 Stoughton Point,805-290-7978
577,Lorettalorna Beament Library,8720 Londonderry Place,428-425-4454
578,Cameron Costall Library,718 Sutteridge Crossing,712-821-7125
579,Dori Plesing Library,65 2nd Avenue,622-810-2545
580,Bryana Avrahamian Library,10661 Crest Line Road,645-689-3155
581,Rebe McPaik Library,3 Victoria Pass,958-229-1641
582,Glen Ives Library,3393 Sutteridge Lane,205-690-6581
583,Ninetta Gervaise Library,4095 Meadow Vale Plaza,107-455-4260
584,Freda Guppie Library,01191 Claremont Hill,174-494-5510
585,Eustace Coveny Library,953 Lindbergh Court,627-187-2887
586,Kimbell Jeanon Library,61896 Towne Street,143-154-3298
587,Fianna Fidgin Library,80 Waxwing Way,638-830-5203
588,Joachim Pyburn Library,3 Fordem Way,958-131-9689
589,Dalis Roos Library,2940 Mccormick Terrace,858-464-6738
590,Lion Peniello Library,93692 Texas Junction,451-942-5885
591,Ancell Patrickson Library,6023 Forster Crossing,538-646-9279
592,Trumaine Vear Library,56514 Oriole Road,804-806-5179
593,Gothart Gammill Library,16 Mccormick Avenue,203-500-2075
594,Benedikta Fussen Library,08316 Mayfield Junction,190-847-3737
595,Nicol Micallef Library,93920 Banding Park,909-422-1050
596,Conn Layton Library,29708 Victoria Lane,243-178-4829
597,Phyllis Purslow Library,71 Leroy Avenue,543-269-2074
598,Robbi Redmire Library,380 Straubel Point,719-783-6995
599,Quintus Garci Library,28326 Sunnyside Parkway,377-765-0234
600,Maryrose Sirl Library,31 Onsgard Hill,290-379-9620
601,Jobie Tomashov Library,793 South Avenue,277-960-5710
602,Constancy Roofe Library,01 Leroy Drive,349-354-4701
603,Bride Fissenden Library,34746 Butternut Junction,786-635-9651
604,Davidson Atto Library,92 Graceland Pass,951-913-7886
605,Katha Claffey Library,427 Vermont Road,269-233-0314
606,Radcliffe Race Library,52 Esker Parkway,592-560-9502
607,Kayle Kubicki Library,1 Mccormick Point,532-885-1184
608,Rosita Banfill Library,00605 Fremont Street,348-370-0210
609,Cheston Coopey Library,733 Menomonie Junction,886-117-2016
610,Jory Crosbie Library,74 Dahle Crossing,229-549-0090
611,Cati Heffernon Library,78933 Mallard Center,429-462-1631
612,Rubin Nurcombe Library,17261 Beilfuss Drive,112-681-5949
613,Tarrance Joye Library,99412 Hintze Alley,433-144-7369
614,Tamar Gever Library,2 Hansons Hill,516-206-4334
615,Kris Aizikovich Library,2902 Gulseth Drive,898-798-7665
616,Erhart Manjin Library,2419 Canary Place,262-197-4049
617,Elysia Stummeyer Library,44 Doe Crossing Road,408-815-7596
618,Renato Duiguid Library,611 Eggendart Alley,621-129-3039
619,Audre Vasyukov Library,895 Marquette Point,213-154-5243
620,Devonne Longhorn Library,00 Oneill Terrace,116-330-6042
621,Rafaello Ginnaly Library,7 Eastwood Lane,461-999-4773
622,Dollie Walliker Library,7929 Dunning Avenue,732-732-3318
623,Yves Garlee Library,6084 Golf Course Park,119-109-0501
624,Francesco Pagram Library,11 Havey Plaza,252-276-5340
625,Hollyanne Groocock Library,0958 Loeprich Way,632-149-0119
626,Florencia Linnett Library,8 Ilene Junction,246-457-1041
627,Clement Kareman Library,43 Johnson Drive,354-146-6095
628,Berton Ketley Library,75202 Old Gate Point,419-732-2534
629,Karney Mebs Library,2974 Graceland Hill,869-541-9904
630,Kellia Normanvill Library,7 Bowman Park,742-153-4625
631,Minetta Zanutti Library,1 Pearson Park,853-371-2568
632,Gwyn Gallichiccio Library,8261 Eagan Drive,884-838-9343
633,Lisle Southern Library,553 Becker Drive,654-525-6988
634,Loren Foister Library,8959 Ohio Road,211-766-8704
635,Franchot Leddie Library,31 Erie Park,880-686-4589
636,Garvin Bradberry Library,878 Hollow Ridge Court,907-485-6596
637,Ronna MacMeeking Library,95 2nd Circle,671-963-4915
638,Mic Summerson Library,00958 Weeping Birch Place,181-422-7450
639,Barny Arkil Library,8 Hoffman Parkway,720-187-2361
640,Urbanus Mather Library,87748 Pepper Wood Circle,283-106-6723
641,Dunn Columbell Library,74 Mendota Junction,378-388-1732
642,Lina Brumen Library,68 Mallard Point,492-494-0946
643,Robert Boag Library,07 Green Pass,469-945-8272
644,Donny Corbitt Library,8 Jana Alley,775-734-9144
645,Shelley McBratney Library,62420 Glendale Place,348-426-0297
646,Liliane Schrader Library,0 Sachs Road,738-300-3676
647,Glen Asbury Library,21726 Miller Parkway,666-677-0945
648,Albertine Le Floch Library,01 Goodland Hill,974-487-0512
649,Denna Formby Library,122 Montana Lane,598-898-3126
650,Riccardo Bassingden Library,759 Sachtjen Junction,609-357-7253
651,Debera Quibell Library,0226 Waywood Pass,853-576-6457
652,Peri Hare Library,291 Porter Road,820-302-2846
653,Herold Seville Library,96 Claremont Pass,678-952-9214
654,Wylma Raleston Library,31062 Oriole Circle,401-616-2045
655,Sari Philpin Library,0061 Oriole Center,904-756-2756
656,Fraser Jerram Library,755 Springs Plaza,293-680-6402
657,Ethelred Larver Library,7 Granby Way,409-238-7408
658,Tonia Sunter Library,601 Monterey Point,794-617-6583
659,Morse Aaronsohn Library,6992 Luster Street,913-646-6299
660,Desi Tregidga Library,8046 Killdeer Crossing,812-726-6783
661,Mel Albasiny Library,6 Burrows Way,494-139-9229
662,Vera McInteer Library,8 Lawn Street,652-782-7803
663,Nannette Biddles Library,9231 Portage Crossing,227-562-9740
664,Gabbie Winsom Library,43 Comanche Lane,283-819-2677
665,Lydie Skillen Library,8 Randy Avenue,391-651-1555
666,Krista Akitt Library,31384 Morningstar Place,937-812-1521
667,Buffy Eakly Library,63134 Sundown Circle,578-518-1891
668,Leeann Geerits Library,8 Marquette Lane,936-194-6267
669,Jessee Itzkovich Library,3498 Barnett Avenue,347-637-2499
670,Germain MacMakin Library,8 Kings Road,101-949-2754
671,Rorke Tofts Library,8032 Macpherson Drive,213-125-7083
672,Virgie Dicte Library,9 Tennyson Parkway,494-472-0596
673,Beatrix Ghent Library,8045 Monica Street,402-162-8024
674,Janene Capper Library,4987 Lake View Point,255-894-3585
675,Gipsy McMonnies Library,97228 Swallow Street,402-535-6558
676,Kelley Calcut Library,4 Dayton Way,743-557-4184
677,Jehu Maas Library,05 Jana Way,172-705-0559
678,Kirby Neal Library,8236 Linden Trail,185-515-2756
679,Barris Korn Library,4 Scoville Road,824-695-3413
680,Blisse Kubicki Library,4499 Golf Course Circle,364-966-3792
681,Blinni Gusney Library,790 Graedel Pass,873-673-9355
682,Gran Lebourn Library,67234 Glacier Hill Road,131-458-4144
683,Nikaniki Gunnell Library,04 Muir Park,781-938-9426
684,Stan Schellig Library,915 Cambridge Way,186-481-6565
685,Tomi Joncic Library,3 Cambridge Alley,384-694-1233
686,Donella Kirsche Library,914 Hintze Junction,882-918-3900
687,Kerianne Boldry Library,9098 Morningstar Parkway,358-645-2106
688,Derril Truss Library,1 Sullivan Terrace,255-201-8871
689,Neile McCloch Library,80620 Straubel Plaza,501-953-4308
690,Margalo Speedy Library,32334 Continental Road,407-466-4580
691,Yehudit Tackle Library,6 Pleasure Street,637-173-5449
692,Fernandina Essel Library,084 Pawling Street,973-220-6877
693,Tom Brien Library,52534 Caliangt Point,288-627-8923
694,Merv Fitzmaurice Library,7 Kenwood Drive,860-350-7250
695,Anastassia Pagen Library,240 Maywood Way,602-700-9203
696,Halli Deeves Library,00140 Cordelia Terrace,406-757-6204
697,Pedro Stockin Library,6349 Buena Vista Terrace,383-125-6882
698,Jordanna Boyack Library,2838 Oriole Street,813-251-3614
699,Orlan Baugham Library,251 Fieldstone Way,193-147-9999
700,Eula Godin Library,835 Tennessee Park,706-711-3134
701,Benjamin Shatliffe Library,89832 Monument Hill,998-293-5600
702,Matty Eliaz Library,283 Iowa Parkway,303-472-9860
703,Eamon Letch Library,986 Darwin Point,484-837-3528
704,Arvy Cutten Library,651 Susan Street,798-985-1335
705,Nataniel MacKibbon Library,97242 Northland Pass,382-391-9293
706,Felisha Shanklin Library,9487 Orin Plaza,215-401-8343
707,Raynor MacKain Library,42008 Stone Corner Parkway,747-163-0577
708,Karel McLanachan Library,92983 Ruskin Road,983-923-3638
709,Cicily Bowdon Library,1 Emmet Parkway,174-765-1707
710,Kira Rogliero Library,30 Center Park,203-735-6348
711,Harley Wrightham Library,21 Darwin Pass,757-698-5412
712,Marthena Spirritt Library,342 Sunnyside Center,935-792-8535
713,Christalle Gwyn Library,89 Ridgeway Center,540-349-0802
714,Timoteo Crocombe Library,9009 Mcguire Hill,590-327-6642
715,Abelard Brogi Library,423 Westerfield Way,341-451-8462
716,Kristi Ravenhill Library,3061 Annamark Parkway,606-736-0249
717,Lydia Corkhill Library,2 Fallview Junction,506-760-2881
718,Blakeley Inkle Library,55966 Oak Road,479-876-9043
719,Modestia Crack Library,1 Duke Road,904-186-8618
720,Damiano Conklin Library,653 Corry Road,411-992-5971
721,Kinny Diperaus Library,38 Superior Pass,254-239-3667
722,Randolph Quinnelly Library,31856 Parkside Place,945-558-4537
723,Layla Fancutt Library,158 Hoffman Point,231-864-7361
724,Barney St. Paul Library,54436 Colorado Parkway,115-747-3794
725,Sindee Skeat Library,210 Fulton Point,692-227-1035
726,Lacey Dabling Library,7448 Golf View Alley,637-889-4366
727,Alejandro Coulston Library,11 Gerald Place,312-780-1929
728,Daisi Creggan Library,57 Dixon Road,258-192-3740
729,Hollis Lissandre Library,6 Pawling Circle,609-348-8148
730,Tessy Oolahan Library,6 Cottonwood Lane,192-918-4927
731,Yettie Easdon Library,8508 Dorton Pass,325-842-6530
732,Kristine Shireff Library,821 Golf View Place,161-892-7163
733,Chery Pitson Library,58964 Coleman Road,682-237-9241
734,Brunhilde Benterman Library,98 Drewry Trail,244-900-6006
735,Lisha Lengthorn Library,65 Delaware Alley,505-595-6274
736,Clarice Acklands Library,7573 Ohio Alley,919-303-1410
737,Letisha Lawlie Library,3 Bartelt Pass,295-234-8324
738,Rudolph Watters Library,90056 International Park,666-990-3692
739,Sterling Giamelli Library,7 Shelley Hill,140-535-3396
740,Gallagher Letixier Library,9242 Bultman Trail,758-394-8487
741,Micki Luckwell Library,2441 Karstens Hill,287-605-7725
742,Jay Abisetti Library,74 Canary Trail,118-917-7321
743,Herbie Lalor Library,04 Briar Crest Terrace,178-637-6185
744,Margy Feldstern Library,5194 Pearson Avenue,387-523-2121
745,Meir Garner Library,92900 Westport Point,664-165-2499
746,Jordanna Neilands Library,9 Bluestem Parkway,678-506-7524
747,Craig Gerrie Library,19 Anthes Crossing,221-549-8507
748,Gonzalo Longfoot Library,34 Cottonwood Court,267-920-2333
749,Christel Ruffles Library,206 Spenser Alley,454-855-5514
750,Armando Berndsen Library,5 Northfield Lane,422-531-6043
751,Casper Mosen Library,81213 Mifflin Avenue,133-669-7410
752,Dmitri McGarel Library,10641 Dwight Junction,219-127-5934
753,Jaquenette Avrasin Library,0655 Golf View Street,802-431-9938
754,Davida McGhie Library,392 Little Fleur Plaza,309-110-5027
755,Eleonore Mangeon Library,261 Pond Road,636-506-3429
756,Tuckie O'Dyvoy Library,824 Menomonie Avenue,372-614-7756
757,Elsinore Golightly Library,62542 Londonderry Center,433-814-0476
758,Feliks Boyington Library,6169 Forest Run Plaza,993-790-5751
759,Cameron Semerad Library,8 Knutson Parkway,538-118-1995
760,Roseanna Pepler Library,55 Straubel Center,771-813-8080
761,Marena Byles Library,4 Duke Way,432-434-7973
762,Ross Tizard Library,3177 Londonderry Point,737-629-8051
763,Maximilianus Kropach Library,868 Nova Parkway,994-130-6189
764,Sarita Doudny Library,2860 Kings Circle,352-923-8825
765,Sterne Wildblood Library,77 Calypso Plaza,523-577-6847
766,Constance Duiguid Library,15 Messerschmidt Park,186-492-9494
767,Rosemarie Borgnet Library,225 Starling Avenue,208-844-5716
768,Rosetta Coard Library,4 Meadow Valley Drive,812-571-7736
769,Barry Batterson Library,2 Carberry Trail,360-308-0657
770,Angela O'Fallone Library,390 Di Loreto Plaza,788-582-2561
771,Solly Kleinmann Library,29 Tennyson Junction,231-791-8531
772,Bourke Sutherby Library,82 3rd Drive,729-685-9449
773,Leonidas Steinhammer Library,1794 Basil Point,862-984-6316
774,Floria Emberson Library,39643 Tennyson Hill,303-170-6284
775,Brynna Robelow Library,8685 Shopko Terrace,489-211-3322
776,Lars Tippett Library,268 Derek Lane,753-672-5228
777,Nikki Overy Library,44 Anniversary Alley,895-493-0854
778,Elbertina Springell Library,143 Southridge Lane,266-228-5165
779,Spike Sherborne Library,88 Caliangt Drive,133-581-2381
780,Brandy Kamen Library,3193 Roxbury Street,812-617-6800
781,Robinette Bindon Library,45 Sauthoff Crossing,991-408-7385
782,Mabel Abramovicz Library,3705 Dayton Parkway,431-406-1547
783,Gawain Mardy Library,98851 Kedzie Terrace,409-241-1876
784,Payton Gurner Library,7 Elka Way,643-338-4466
785,Tynan Cotelard Library,02 Moland Parkway,217-748-0863
786,Lockwood Gerrans Library,24 Sachs Place,928-323-3661
787,Dena Arrandale Library,13 Marquette Plaza,594-766-9416
788,Bili Marston Library,955 Lyons Point,215-809-4395
789,Terencio McGrae Library,24 Summer Ridge Parkway,568-991-6303
790,Wrennie Chesswas Library,50 Thompson Place,463-462-4198
791,Danette O' Dornan Library,084 Anzinger Road,337-979-0544
792,Odelle Crathorne Library,93 Duke Road,898-700-4928
793,Lonnie Yarrall Library,53757 Bashford Alley,485-352-4836
794,Elvis Bollum Library,208 Rusk Point,661-329-9469
795,Tabb Poyle Library,53243 Jay Lane,885-282-2883
796,Cal Melloy Library,645 Hoepker Road,233-470-3209
797,Rivalee Gosland Library,4 Division Court,426-107-8633
798,Laraine Giordano Library,435 Bunting Drive,288-826-6665
799,Hollie Hurrell Library,6139 Mockingbird Road,504-950-0673
800,Marjie Orpin Library,252 Raven Crossing,160-459-4410
801,Ralf Schellig Library,1986 Armistice Terrace,812-724-1636
802,Gerhardine Pietrzak Library,3830 Tennyson Hill,995-411-9022
803,Agnesse Walkowski Library,91 Oxford Street,587-903-0967
804,Iolande Donovan Library,994 Brentwood Terrace,565-757-8386
805,Jewell Frankema Library,3 Talmadge Place,637-717-3498
806,Abbey Ashingden Library,3 Dryden Way,874-993-0281
807,Thorpe Kilgrew Library,7 Independence Terrace,773-745-6522
808,Babette Crollman Library,1491 Karstens Place,422-377-0282
809,Rochelle Nussii Library,74155 Pearson Way,104-138-2153
810,Emery Yannoni Library,87724 Nevada Avenue,873-232-0798
811,Aleece Lorenzetti Library,080 Clyde Gallagher Point,380-613-9952
812,Alix Radnedge Library,9508 Clyde Gallagher Avenue,759-391-5704
813,Laird Birkin Library,72 Aberg Crossing,874-422-7802
814,Bond Berrey Library,3669 Wayridge Junction,512-918-0785
815,Tiphani Midner Library,4 Moland Circle,236-484-3725
816,Ewart Dunston Library,7082 Dennis Park,703-467-0964
817,Cassey Seely Library,28302 Elmside Road,480-537-2960
818,Moselle Kiera Library,34841 Truax Drive,178-626-6595
819,Judy Vinter Library,912 Leroy Street,789-969-7826
820,Domeniga Yakushkin Library,4 Lakewood Park,442-214-1731
821,Carmina Mattin Library,3 Union Alley,688-295-3472
822,Halie Fownes Library,3485 Lyons Hill,482-522-4208
823,Syman Grigolon Library,4 Pankratz Trail,820-679-8985
824,Bentlee Fasey Library,8 Ruskin Court,551-788-8779
825,Parke Covet Library,5 Village Green Street,691-340-7838
826,Meredith Naul Library,97 Pond Crossing,741-897-2791
827,Wilie Gready Library,51 Nobel Junction,641-777-2129
828,Mauricio Valentelli Library,8 American Alley,618-633-1223
829,Webb Casier Library,9 Northwestern Alley,268-120-7695
830,Edd Gooda Library,64 Goodland Parkway,988-387-9314
831,Edgardo Rive Library,25456 Loeprich Lane,408-717-7548
832,Morgan Iddiens Library,3 Nancy Drive,111-998-9407
833,Ricca Gandar Library,1 Blackbird Alley,506-442-9110
834,Livvy Charopen Library,79212 Bashford Street,721-290-8099
835,Hasty Selborne Library,0 Melvin Parkway,669-294-2039
836,Nichole Cornil Library,17001 Clyde Gallagher Road,891-823-7411
837,Dale Richel Library,23628 Northview Center,803-848-7260
838,Josee Gateman Library,6 Sherman Street,405-662-4737
839,Ric Winsborrow Library,0417 Delaware Crossing,760-618-6451
840,Lisle Stanmer Library,376 Delaware Trail,568-913-5446
841,Graehme Barbe Library,86 Mariners Cove Avenue,405-807-2158
842,Sibilla Dewick Library,93285 Sloan Trail,807-863-2700
843,Cymbre Graeser Library,09 Mitchell Hill,266-403-7312
844,Elisa Glowinski Library,36 Carpenter Lane,995-201-2586
845,Dulce Stannis Library,8 Delladonna Park,408-358-7281
846,Montgomery Shury Library,1 Golf Course Avenue,737-388-7114
847,Emelina Troman Library,43430 Valley Edge Road,841-827-7789
848,Xaviera Skydall Library,35726 Anhalt Pass,285-868-3081
849,Brnaby Trevan Library,69 Lakewood Plaza,622-821-0956
850,Terra Dominetti Library,846 Morrow Place,439-626-6655
851,Verina Wishkar Library,327 Mariners Cove Center,713-736-4428
852,Dominik Corsan Library,67 Stuart Pass,415-962-7126
853,Genvieve Kohlert Library,4 Riverside Drive,163-792-3966
854,Alyse Musicka Library,782 Independence Center,763-918-5407
855,Pepito Ellingford Library,69 Loftsgordon Plaza,234-368-7886
856,Hattie Segar Library,19474 Weeping Birch Court,775-949-7193
857,Maryl Druce Library,54 Gina Crossing,749-565-6659
858,Koressa Mehaffey Library,86 Esker Plaza,627-428-5190
859,Nicky Bockler Library,54725 Lerdahl Center,700-132-1419
860,Anestassia Gerrans Library,0475 Truax Trail,478-562-0840
861,Leah Drinkel Library,987 Clemons Trail,381-773-0349
862,Kalina Mc Ilwrick Library,49 Moland Parkway,835-777-0544
863,Carlin Ironmonger Library,0248 Mitchell Street,818-596-7592
864,Margarete Hinrichs Library,7976 Nelson Plaza,661-997-4659
865,Law Mayes Library,62 Haas Center,223-345-7114
866,Amii Mellem Library,72 Fairview Center,546-440-1622
867,Cecil Martinie Library,849 Larry Alley,656-847-1360
868,Gaye Guidi Library,75 Randy Plaza,547-702-4096
869,Audra Stitcher Library,34 Mayfield Way,511-639-0200
870,Malia Kassman Library,9812 Maryland Pass,928-519-5609
871,Gerianne Longson Library,128 Pond Crossing,806-164-0629
872,Kerk Skully Library,6414 Arizona Court,235-987-3785
873,Misha Chidgey Library,2785 Oak Terrace,109-737-9175
874,Keith Cutting Library,5 Prentice Crossing,803-444-1923
875,Amalita Methven Library,5 Ilene Terrace,928-229-9199
876,Kiel Torvey Library,49000 Corben Lane,564-723-9195
877,Vanya Wyllis Library,01 Donald Court,670-394-7338
878,Chas De Lacey Library,0279 Lawn Trail,758-876-7936
879,Yelena Dybald Library,68557 Schurz Lane,152-995-6562
880,Emmott Innocenti Library,31 Maple Wood Drive,531-125-9090
881,Jeramey Skaif Library,2732 Karstens Center,716-205-7297
882,Tristam Terbeek Library,990 Oak Valley Road,785-523-4358
883,Bryana Farlham Library,93127 Warner Trail,669-921-2327
884,Aylmar Lude Library,3 Loftsgordon Street,696-515-5676
885,Odo Manifield Library,044 Delladonna Court,332-428-5187
886,Gabbie Schimon Library,77250 Arkansas Parkway,600-886-1163
887,Evvie Agus Library,7012 Crowley Lane,961-917-0234
888,Prissie Janczyk Library,8802 Burning Wood Trail,960-751-6052
889,Legra Samuels Library,119 Division Way,576-461-3661
890,Shae Brazener Library,69392 Forster Lane,828-846-1525
891,Lazaro Conti Library,9 Buena Vista Avenue,569-918-4170
892,Mara Stenning Library,11093 Huxley Plaza,476-339-3355
893,Elsa Gubbin Library,18467 Express Pass,993-852-1445
894,Gretal Belch Library,5 Randy Drive,389-904-3050
895,Rita Keyho Library,9 Cottonwood Point,101-292-4681
896,Fabe Chatelet Library,252 Kipling Point,557-493-8214
897,Jessica Bessey Library,75811 Anthes Crossing,149-518-0081
898,Joelynn McKinie Library,63326 Bultman Court,950-640-3153
899,Hale Flitcroft Library,51845 Hoard Junction,380-795-7192
900,Benoite Slyme Library,7780 Ryan Trail,718-649-2537
901,Karlie Follin Library,655 Forster Junction,265-532-5027
902,Helena Lotwich Library,4981 Oak Valley Avenue,454-230-1790
903,Eleni Berkely Library,37 Helena Street,253-544-3994
904,Tabb Neles Library,112 Karstens Road,150-571-8417
905,Jeremie Creedland Library,66735 Westerfield Road,860-239-5233
906,Nerta Brundall Library,97 Surrey Center,288-758-9448
907,Nanine Gouldthorp Library,28 Trailsway Court,476-424-0331
908,Kathy Rolingson Library,33 Chive Way,831-954-2673
909,Orella Gudyer Library,739 Amoth Parkway,516-639-6726
910,Osbert Abbie Library,31575 Welch Drive,649-995-4140
911,Siobhan Ransome Library,0 Summer Ridge Terrace,706-981-3965
912,Cathyleen Free Library,6109 Schurz Park,847-456-4181
913,Munmro Hulke Library,11602 Ridge Oak Court,200-262-3531
914,Angelica Hardwin Library,6785 Stang Junction,961-474-4556
915,Harcourt Godney Library,413 Fremont Circle,918-911-0561
916,Cordey Krause Library,6103 Leroy Drive,771-659-0430
917,Cindee Stuehmeier Library,95020 Karstens Junction,928-968-5373
918,Ania Whetnell Library,9810 Gulseth Point,889-286-2189
919,Trev Wardroper Library,6 Del Mar Pass,695-351-9684
920,Say McDunlevy Library,0 Summer Ridge Junction,840-394-8013
921,Hercules Robertis Library,61679 Sloan Avenue,479-939-7302
922,Janetta Berthomieu Library,0 Pearson Drive,350-281-7840
923,Hailee Gass Library,2648 Graceland Parkway,634-228-7388
924,Titos Vidyapin Library,76054 Dottie Plaza,983-137-6594
925,Andi Cocklie Library,22773 Fremont Park,560-801-9411
926,Elli Duetschens Library,94 Arapahoe Trail,704-604-2327
927,Elsa Kean Library,2666 Helena Alley,531-358-9065
928,Hinze Cecil Library,3885 Blackbird Terrace,583-619-3330
929,Crystal Gebhard Library,0 Rieder Terrace,981-554-5043
930,Kimberley Clay Library,949 Shopko Crossing,170-520-5148
931,Missy Folcarelli Library,649 Hallows Junction,690-155-7565
932,Beitris Loftie Library,75834 Burrows Drive,623-894-6124
933,Alys Sandham Library,0759 Paget Hill,377-620-9940
934,Rosaline Gillespey Library,2 Kropf Center,443-486-3639
935,Laverna Duchesne Library,3437 Loftsgordon Junction,318-381-9537
936,Renata Stote Library,19 Crowley Circle,637-861-7478
937,Cathrine Jamary Library,78 Independence Plaza,779-881-3663
938,May Trippick Library,01498 Novick Junction,483-844-3695
939,Xymenes Maccaig Library,919 Hanson Drive,227-871-0303
940,Georgi Gelder Library,50453 Ridgeway Street,200-331-0152
941,Odey Wards Library,7023 Golf Course Way,922-520-5316
942,Regan Sanders Library,4970 Cambridge Center,253-899-8215
943,Diego Shivell Library,88000 Rigney Lane,538-724-5257
944,Carleton Schmidt Library,5 6th Street,678-400-6022
945,Thom Doudny Library,2282 Fairview Pass,653-815-8927
946,Jerrine Labon Library,2 Di Loreto Junction,126-425-2806
947,Feodora Camelia Library,4 Vahlen Street,367-100-6968
948,Deb Hovard Library,73 Sommers Hill,633-921-9941
949,Cahra Moffatt Library,149 Meadow Vale Junction,855-791-5169
950,Raye Copland Library,04 Memorial Pass,547-219-9505
951,Itch Greenslade Library,1956 Arrowood Center,607-995-3787
952,Wilbert Petrina Library,8874 American Ash Avenue,589-613-5528
953,Ellerey Izhak Library,314 Jay Junction,484-716-9648
954,Jaime Tiler Library,337 Iowa Crossing,735-388-7998
955,Eldon Drinan Library,68810 Moose Point,747-163-1667
956,Cloe Alleburton Library,3109 Drewry Pass,946-187-6350
957,Hammad Ternott Library,5 Havey Way,477-291-8388
958,Billy Nolton Library,99 Sunnyside Drive,842-278-5483
959,Carole Radford Library,1493 Quincy Crossing,751-675-3378
960,Jeffry Shapland Library,02137 Pepper Wood Center,984-925-4294
961,Jens Burchfield Library,7863 Kedzie Lane,918-350-4372
962,Isidro Dameisele Library,67 Cottonwood Court,361-188-6817
963,Wait Mynett Library,13187 Summerview Pass,347-485-5792
964,Desdemona Kindall Library,8094 Ridgeway Street,470-258-2879
965,Erskine MacGibbon Library,7883 Harper Lane,356-487-9644
966,Diann Toye Library,4 Springview Alley,919-898-2013
967,Wood Carss Library,3012 Oriole Lane,502-906-7662
968,Saunderson Posen Library,53 Buhler Terrace,967-798-5910
969,Vikky Wardlaw Library,143 8th Way,203-113-7872
970,Edwina Simmank Library,0740 Waubesa Terrace,966-540-3057
971,Kaitlyn Lampkin Library,75150 Swallow Center,579-166-4772
972,Isidora Gjerde Library,9 Erie Circle,336-230-9928
973,Sigvard Bruce Library,15108 Hansons Crossing,695-484-2212
974,Husain Potkins Library,765 Straubel Avenue,817-365-5410
975,Steve Gollop Library,537 Lawn Place,806-767-7931
976,Holly Litel Library,462 Emmet Center,766-116-1664
977,Cele Schoenrock Library,58069 Hagan Avenue,191-623-9786
978,Giulia Phillip Library,3 Melvin Center,480-736-3750
979,Dorette Blackney Library,57 Melby Trail,868-133-8563
980,Innis Trass Library,31990 Fordem Hill,446-602-0961
981,Marlon Hawkin Library,1582 Caliangt Terrace,711-968-8637
982,Tedie Palser Library,04 Schmedeman Drive,492-579-3822
983,Lesley Danielian Library,0392 Anniversary Way,144-610-9610
984,Traver Topliss Library,7 Hoard Court,516-405-8559
985,Ursuline Beumant Library,826 Debra Parkway,477-581-6584
986,Marty Estrella Library,9 Johnson Park,779-361-5119
987,Loydie Franceschino Library,7 Lakeland Lane,131-345-5550
988,Cece Tuckwell Library,6 Westport Parkway,937-618-7204
989,Marti Silliman Library,15775 Russell Circle,337-310-5589
990,Wilbert Kirman Library,421 Boyd Court,473-900-0195
991,Yvon Corkel Library,0628 Wayridge Alley,569-821-1065
992,Ransell Ghiroldi Library,70266 Packers Street,277-295-9971
993,Winnifred Chinge de Hals Library,25 Eliot Circle,944-594-0978
994,Bradley Carlick Library,42754 Atwood Point,385-253-4465
995,Geri Menary Library,53 Brickson Park Court,541-313-2909
996,Hugo Chastan Library,322 7th Terrace,670-210-0878
997,Matias Farquharson Library,297 Bayside Trail,715-989-2184
998,Jada Roston Library,70 Sunbrook Street,362-459-9975
999,Calla Camel Library,002 Dexter Way,182-233-3051
1000,Maximo Ibbott Library,83073 Corscot Parkway,806-928-6397
